[
    {
        "asset-name": "cat1cm0p",
        "locked-commit": "release-v1.8.0"
    },
    {
        "asset-name": "core-lib",
        "locked-commit": "release-v1.4.3"
    },
    {
        "asset-name": "core-make",
        "locked-commit": "release-v3.6.1"
    },
    {
        "asset-name": "device-db",
        "locked-commit": "release-v4.23.0"
    },
    {
        "asset-name": "mtb-hal-cat1",
        "locked-commit": "release-v2.7.1"
    },
    {
        "asset-name": "mtb-pdl-cat1",
        "locked-commit": "release-v3.16.0"
    },
    {
        "asset-name": "recipe-make-cat1a",
        "locked-commit": "release-v2.5.0"
    }
]
