[
    {
        "asset-name": "bt-fw-mur-cyw43439",
        "locked-commit": "release-v1.0.0"
    },
    {
        "asset-name": "cat1cm0p",
        "locked-commit": "release-v1.8.0"
    },
    {
        "asset-name": "cmsis",
        "locked-commit": "release-v5.8.2"
    },
    {
        "asset-name": "core-lib",
        "locked-commit": "release-v1.4.3"
    },
    {
        "asset-name": "core-make",
        "locked-commit": "release-v3.6.1"
    },
    {
        "asset-name": "device-db",
        "locked-commit": "release-v4.22.0"
    },
    {
        "asset-name": "mtb-hal-cat1",
        "locked-commit": "release-v2.7.0"
    },
    {
        "asset-name": "mtb-pdl-cat1",
        "locked-commit": "release-v3.16.0"
    },
    {
        "asset-name": "recipe-make-cat1a",
        "locked-commit": "release-v2.5.0"
    }
]
